Year,Asia_Low,Asia_Base,Asia_High,Hawaii_Low,Hawaii_Base,Hawaii_High,Mexico_Low,Mexico_Base,Mexico_High,MX_AR_Low,MX_AR_Base,MX_AR_High,MX_ML_Low,MX_ML_Base,MX_ML_High,Central_Am_Low,Central_Am_Base,Central_Am_High,RUS+WAL_Low,RUS+WAL_Base,RUS+WAL_High,EAL+BER_Low,EAL+BER_Base,EAL+BER_High,WGOA_Low,WGOA_Base,WGOA_High,NGOA_Low,NGOA_Base,NGOA_High,SEA+NBC_Low,SEA+NBC_Base,SEA+NBC_High,SBC+WA_Low,SBC+WA_Base,SBC+WA_High,OR+CA_Low,OR+CA_Base,OR+CA_High
1965,0,0.6,2,0,0,0,0,0.9,2.7,0,0,0,0,0.9,2.7,0,0.2,0.8,0,0,0,0,0.6,1.6,0,0,0,0,0,0.1,0,3.1,8.5,0,0,0.2,0,0.9,2.9
1966,0,0.7,2.1,0,0,0,0,0.9,2.9,0,0,0,0,0.9,2.9,0,0.3,0.8,0,0,0,0,0.6,1.7,0,0,0,0,0,0.2,0,3.2,8.9,0,0.1,0.2,0,1,3.1
1967,0,0.7,2.3,0,0,0,0,1,3,0,0,0,0,1,3,0,0.3,0.8,0,0,0,0,0.6,1.7,0,0,0,0,0.1,0.2,0,3.3,9.3,0,0.1,0.2,0,1,3.3
1968,0,0.8,2.4,0,0,0,0,1,3.2,0,0,0,0,1,3.2,0,0.3,0.9,0,0,0,0,0.6,1.8,0,0,0,0,0.1,0.3,0,3.5,9.7,0,0.1,0.2,0,1.1,3.5
1969,0,0.8,2.6,0,0,0,0,1.1,3.4,0,0,0,0,1.1,3.3,0,0.3,0.9,0,0,0,0,0.7,1.9,0,0,0,0,0.1,0.3,0,3.6,10.1,0,0.1,0.2,0,1.2,3.8
1970,0,0.9,2.8,0,0,0,0,1.1,3.5,0,0,0,0,1.1,3.5,0,0.3,1,0,0,0,0,0.7,1.9,0,0,0,0,0.1,0.3,0,3.8,10.6,0,0.1,0.3,0,1.4,4.2
1971,0,0.9,3,0,0,0,0,1.2,3.7,0,0,0,0,1.2,3.7,0,0.3,1,0,0,0,0,0.7,2,0,0,0,0,0.1,0.4,0,3.9,11.1,0,0.1,0.3,0,1.5,4.6
1972,0,1,3.2,0,0,0,0,1.3,3.9,0,0,0,0,1.3,3.9,0,0.3,1.1,0,0,0,0,0.8,2.1,0,0,0,0,0.1,0.4,0,4.1,11.6,0,0.1,0.3,0,1.7,5
1973,0,1.1,3.4,0,0,0,0,1.3,4.1,0,0,0,0,1.3,4.1,0,0.4,1.1,0,0,0,0,0.8,2.1,0,0,0,0,0.1,0.4,0,4.3,12.1,0,0.1,0.4,0,2,5.5
1974,0,1.1,3.7,0,0.1,0.1,0,1.4,4.4,0,0,0,0,1.4,4.3,0,0.4,1.2,0,0,0,0,0.8,2.2,0,0,0,0,0.1,0.4,0,4.5,12.7,0,0.1,0.4,0,2.3,6
1975,0,1.2,3.9,0,0.1,0.1,0,1.5,4.6,0,0,0,0,1.5,4.6,0,0.4,1.2,0,0,0,0,0.8,2.2,0,0,0,0,0.2,0.5,0,4.7,13.2,0,0.1,0.4,0,2.5,6.6
1976,0,1.3,4.2,0,0.1,0.1,0,1.6,4.8,0,0,0,0,1.6,4.8,0,0.4,1.3,0,0,0,0,0.8,2.2,0,0,0,0,0.2,0.5,0,4.9,13.8,0,0.2,0.5,0,2.8,7.1
1977,0,1.4,4.5,0,0.1,0.1,0,1.6,5.1,0,0,0,0,1.6,5.1,0,0.4,1.4,0,0,0,0,0.8,2.3,0,0,0,0,0.2,0.5,0,5.2,14.5,0,0.2,0.6,0,3.1,7.7
1978,0,1.5,4.8,0,0.1,0.1,0,1.7,5.4,0,0,0,0,1.7,5.4,0,0.5,1.4,0,0,0,0,0.9,2.4,0,0,0,0,0.2,0.6,0,5.4,15.2,0,0.2,0.6,0,3.4,8.4
1979,0,1.6,5.1,0,0.1,0.1,0,1.8,5.7,0,0,0,0,1.8,5.7,0,0.5,1.5,0,0,0,0,0.9,2.5,0,0,0,0,0.2,0.7,0,5.6,15.9,0,0.2,0.7,0,3.6,9.1
1980,0,1.8,5.5,0,0.1,0.1,0,1.9,6,0,0,0,0,1.9,6,0,0.5,1.6,0,0,0,0,1,2.6,0,0,0,0,0.3,0.8,0,5.9,16.5,0,0.2,0.7,0,3.9,9.7
1981,0,1.9,5.9,0,0.1,0.1,0,2,6.3,0,0,0,0,2,6.3,0,0.5,1.7,0,0,0,0,1,2.7,0,0,0,0,0.3,0.9,0,6.1,17.1,0,0.3,0.8,0,4.1,10.4
1982,0,2,6.3,0,0.1,0.1,0,2.1,6.7,0,0,0,0,2.1,6.7,0,0.6,1.8,0,0,0,0,1,2.8,0,0,0,0,0.4,1.1,0,6.4,18,0,0.3,0.9,0,4.4,11.1
1983,0,2.2,6.7,0,0.1,0.1,0,2.2,7,0,0,0,0,2.2,7,0,0.6,1.8,0,0,0,0,1,2.8,0,0,0,0,0.4,1.3,0,6.8,19,0,0.3,1,0,4.6,11.9
1984,0,2.3,7.2,0,0.1,0.1,0,2.4,7.4,0,0,0,0,2.4,7.4,0,0.6,1.9,0,0,0,0,1,2.8,0,0,0,0,0.5,1.6,0,7.2,20.2,0,0.4,1.1,0,4.9,12.7
1985,0,2.5,7.7,0,0.1,0.1,0,2.5,7.8,0,0,0,0,2.5,7.8,0,0.7,2,0,0,0,0,1,2.8,0,0,0,0,0.6,1.8,0,7.6,21.2,0,0.4,1.2,0,5.1,13.4
1986,0,2.6,8.2,0,0.1,0.1,0,2.6,8.2,0,0,0,0,2.6,8.2,0,0.7,2.1,0,0,0,0,1,2.8,0,0,0,0,0.6,2,0,7.7,21.7,0,0.4,1.4,0,5.3,14.1
1987,0,2.8,8.8,0,0.1,0.1,0,2.8,8.7,0,0,0,0,2.8,8.7,0,0.7,2.2,0,0,0,0,1,2.8,0,0,0,0,0.7,2.2,0,7.9,22.1,0,0.5,1.5,0,5.6,14.9
1988,0,3,9.5,0,0.1,0.1,0,2.9,9.1,0,0,0,0,2.9,9.1,0,0.8,2.3,0,0,0,0,1,2.9,0,0,0,0,0.8,2.4,0,7.9,22.3,0,0.5,1.7,0,5.9,16.1
1989,0,3.2,10.1,0,0.1,0.1,0,3.1,9.6,0,0,0,0,3.1,9.6,0,0.8,2.5,0,0,0,0,1,2.9,0,0,0,0,0.8,2.5,0,8,22.4,0,0.6,1.9,0,6.3,17.3
1990,0,3.5,10.8,0,0.2,0.2,0,3.2,10.1,0,0,0,0,3.2,10.1,0,0.8,2.6,0,0,0,0,1,3,0,0,0,0,0.8,2.6,0,7.9,22.2,0,0.7,2.1,0,6.8,18.8
1991,0,3.7,11.6,0,0.2,0.2,0,3.4,10.7,0,0,0,0,3.4,10.7,0,0.9,2.7,0,0,0,0,1,3.2,0,0,0,0,0.9,2.7,0,7.8,22.1,0,0.7,2.3,0,7.3,20.3
1992,0,4,12.4,0,0.2,0.2,0,3.4,10.8,0,0,0,0,3.6,11.3,0,0.9,2.9,0,0,0,0,1,3.3,0,0,0,0,0.9,2.9,0,8.2,23.1,0,0.8,2.6,0,7.8,22
1993,0,4.3,13.3,0,0.2,0.2,0,3.6,11.1,0,0,0,0,3.8,11.9,0,1,3,0,0,0,0,1.1,3.4,0,0,0,0,1,3,0,8.8,24.6,0,0.9,2.8,0,8.4,23.8
1994,0,4.6,14.2,0,0.2,0.2,0,3.6,11.3,0,0,0,0,4,12.5,0,1,3.2,0,0,0,0,1.2,3.5,0,0,0,0,1,3.1,0,9.5,26.6,0,1,3.2,1,9,25.6
1995,0,4.9,15.3,0,0.2,0.2,0,4.9,15.3,0,0,0,0,4.2,13.2,0,1.1,3.3,0,0,0,0,1.4,3.8,0,0,0,0,1.1,3.3,0,10.7,29.9,0,1,3.2,0,9.7,27.5
1996,0,5.2,16.3,0,0.2,0.2,0,6.6,20.6,0,0,0,0,4.4,13.9,0,1.1,3.5,0,0,0,0,1.6,4,0,0,0,0,1.1,3.6,0,11.9,33.3,0,1.1,3.3,0,10.3,29.5
1997,0,5.6,17.5,0,0.2,0.2,0,8.9,27.9,0,0,0,0,4.7,14.7,0,1.2,3.7,0,0,0,0,1.7,4.1,0,0,0,0,1.2,3.9,0,12.9,36.1,0,1.2,3.6,1,10.9,31.1
1998,0,6,18.7,0,0.2,0.2,0,11.2,35,0,0,0,0,4.9,15.4,0,1.2,3.9,0,0,0,1,1.8,4.3,0,0,0,0,1.3,4.2,0,13.9,39,0,1.3,3.9,0,11.5,32.8
1999,0,6.4,20,0,0.2,0.2,0,12.4,38.7,0,0,0,0,5.1,16.1,0,1.3,4.1,0,0,0,1,1.9,4.4,0,0,0,0,1.4,4.5,0,14.7,41.2,0,1.4,4.4,1,12,34.5
2000,0,6.9,21.4,0,0.2,0.2,0,13.1,40.9,0,0,0,0,5.4,16.8,0,1.4,4.3,0,0,0,0,1.9,4.6,0,0,0,0,1.6,4.8,0,15.5,43.6,0,1.6,4.9,1,12.7,36.5
2001,0,7.3,22.9,0,0.2,0.2,0,13.4,41.9,0,0,0,0,5.7,17.8,0,1.4,4.5,0,0,0,0,1.9,4.8,0,0,0,0,1.6,5,0,16.7,46.9,0,1.6,5,0,13.9,40.1
2002,0,7.9,24.5,0,0.1,0.1,0,13.7,43,0,0,0,0,6,18.7,0,1.5,4.7,0,0,0,1,1.8,4.8,0,0,0,0,1.7,5.4,0,17.8,50,0,1.8,5.6,0,15.2,43.7
2003,0,8.3,25.9,0,0.2,0.2,0,14.8,46.2,0,0,0,0,6.3,19.7,0,1.6,5,0,0,0,0,1.5,4.3,0,0,0,0,2.2,6.8,0,18.3,51.3,0,2.6,8,0,16.2,46.7
2004,0,8.6,27,0,0.2,0.2,0,15.9,49.6,0,0,0,0,6.6,20.7,0,1.7,5.2,0,0,0,0,1.2,3.8,0,0,0,0,2.7,8.4,0,19,52.9,0,3.4,10.5,1,17.1,49
2005,0,9.1,28.3,0,0.2,0.2,0,16.7,52.2,0,0,0,0,7,21.8,0,1.7,5.5,0,0,0,0,1,3.2,0,0,0,0,3.1,9.7,0,20.5,57,0,4.1,12.8,0,17.4,49.5
2006,0,9.8,30.5,1,0.2,0.2,0,17.6,54.8,0,0,0,0,7.4,23,0,1.8,5.7,0,0,0,0,1,2.8,0,0,0,0,3.5,10.9,0,22.1,61.4,0,4.8,15,0,17.4,49.4
2007,0,10.9,34,0,0.1,0.1,0,18.2,56.9,0,0,0,0,7.8,24.4,0,1.9,6,0,0,0,0,1.2,3.4,0,0,0,1.8,3.6,11.4,3.6,23.1,64,0,4.9,15.5,4,15.1,42.7
2008,0,12.2,38.2,0,0.1,0.1,0,19,59.4,0,0,0,0,8.2,25.8,0,2,6.3,0,0,0,0,1.7,4.3,0,0,0,1.1,3.7,11.6,4,23.7,65.7,3.1,5.1,15.9,1.8,11.2,31.5
2009,0,13.6,42.6,0,0.1,0.1,0,20.8,64.8,0,0,0,0,8.8,27.4,0,2.1,6.6,0,0,0,0,2,5,0,0,0,1.1,4,12.5,4.9,24.8,68.6,0,6.3,19.9,1.8,10,28
2010,0,15.2,47.5,0,0.4,0.4,0,22.3,69.5,0,0,0,0,9.5,29.5,0,2.2,7,0,0,0,3,2.2,5.5,0,0,0,0.2,4.8,14.9,10,27.1,75.2,1.8,5.6,17.8,5.5,9.6,27.9
2011,0,17,53.1,0.8,0.6,0.6,0,23.8,74.4,0,0,0,0,10.2,31.8,0,2.3,7.3,0,0,0,0.8,2.4,6.1,0,0,0,1,5.6,17.4,5.8,29.7,82.4,2.8,4.6,14.8,2.5,12.3,36
2012,0,18.6,58.2,0,0.8,0.8,0,25.7,80.2,0,0,0,0,11,34.4,0,2.5,7.8,0,0,0,1.8,2.6,7,0,0,0,2.2,6.5,20.2,2.9,32.3,90.5,0,4,12.6,2.3,26.2,74.9
2013,7,19.8,62,0,1,1,0,27.6,86.4,0,0,0,0,11.8,36.9,0,2.6,8.2,0,0,0,0,2.8,7.8,0,0,0,1,7.2,22.5,7.1,34.5,97.1,0,3.8,11.4,1,41.8,118.2
2014,0,20.4,63.8,1,1,1,0,30,93.7,0,0,0,0,12.6,39.1,0,2.7,8.5,0,0,0,0,2.8,8,0,0,0,3,7.2,22.5,9.8,34.3,97,1.8,4.6,12.2,11.8,56.1,155.4
2015,18,20.8,64.9,0,0.9,0.9,0,32,99.8,0,0,0,0,13.3,41.4,0,2.8,8.7,0,0,0,1,2.7,7.9,0,0,0,3,6.9,21.7,11.8,33.1,94.3,1.5,6.8,16.8,22.3,71.9,195.9
2016,3,21.4,66.8,0,0.8,0.8,0,32.5,101.6,0,0,0,0,13.9,43.4,0,2.9,9,0,0,0,1,2.6,7.7,0,0,0,1.2,6.6,20.7,7.8,32.1,91.9,2,11.5,29.4,38.3,81.9,222.1
2017,3,22.3,69.6,0,0.7,0.7,0,32.6,101.7,0,0,0,0,14.4,45,0,3.1,9.6,0,0,0,1,2.6,7.5,0,0,0,0.5,6,18.8,3.3,31.2,89.2,2,15.1,40.2,10.2,84.6,229.8
2018,4,23.1,72.3,0,0.6,0.6,0,32.9,102.6,0,0,0,0,14.8,46.3,0,3.3,10.2,0,0,0,1,2.7,7.3,0,0,0,1,5.4,17,6,30.3,86.6,6.8,17.9,49.5,23.8,84.2,230.4
2019,1,24,75.1,0,0.5,0.5,0,34.3,107.1,0,0,0,0,15.1,47.3,0.4,3.5,10.8,0,0,0,1,2.8,7.3,0,0,0,1.5,5.1,15.9,6,29.9,85,2.5,18.1,51.9,12.3,81.5,225.3
2020,0,25,78,0,0.4,0.4,10.2,35.7,111.4,0,0,0,6,15.4,48,1.2,3.7,11.5,0,0,0,1,2.9,7.2,0,0,0,0,4.8,15.1,5.2,29.7,83.7,5.8,17.4,51.5,7.5,75.7,212.8
2021,0,26,81.1,0,0.4,0.4,11,36.8,115.1,0,0,0,3.2,15.5,48.5,1.2,3.9,12.2,0,0,0,2,3.1,7.2,0,0,0,1.8,4.8,14.9,7.1,29.9,83.5,3.2,16.6,50.5,16.7,66.6,192.8
2022,0,27,84.4,0,0.3,0.3,6.6,38.1,119,0,0,0,2.6,15.6,48.8,0.9,4.1,13,0,0,0,0.8,3.3,7.1,0,0,0,0.2,4.8,15.1,4.2,30.5,84.1,2,15.3,47.6,13.7,54.6,165.7
2023,0,28.1,87.9,0,0.3,0.3,10.8,39.2,122.5,0,0,0,4.6,15.6,48.7,0,4.4,13.8,0,0,0,0,3.5,7.1,0,0,0,0,5,15.6,0,31.4,85.3,0,13.7,43.7,0,39.7,131.7
