Year1,Year2,UseVarCo,VarCo,Estimate,CV,Area,abs/rel,Use,Add CV,Hypothesis,Class,Exclude,Component,Reference,Reviewed by ASI?,Notes
2002,2002,Yes,1,16875,0.352888889,Total,Abs,Yes,No,All,1,No,0,Cheeseman et al 2024,No,New estimates from Ted's published paper
2003,2003,Yes,1,19065,0.156359822,Total,Abs,Yes,No,All,1,No,0,Cheeseman et al 2024,No,New estimates from Ted's published paper
2004,2004,Yes,1,19340,0.156514995,Total,Abs,Yes,No,All,1,No,0,Cheeseman et al 2024,No,New estimates from Ted's published paper
2005,2005,Yes,1,21063,0.040022789,Total,Abs,Yes,No,All,1,No,0,Cheeseman et al 2024,No,New estimates from Ted's published paper
2006,2006,Yes,1,21095,0.126096231,Total,Abs,Yes,No,All,1,No,0,Cheeseman et al 2024,No,New estimates from Ted's published paper
2007,2007,Yes,1,24915,0.123660446,Total,Abs,Yes,No,All,1,No,0,Cheeseman et al 2024,No,New estimates from Ted's published paper
2008,2008,Yes,1,26456,0.11248866,Total,Abs,Yes,No,All,1,No,0,Cheeseman et al 2024,No,New estimates from Ted's published paper
2009,2009,Yes,1,26455,0.165148365,Total,Abs,Yes,No,All,1,No,0,Cheeseman et al 2024,No,New estimates from Ted's published paper
2010,2010,Yes,1,23007,0.18811666,Total,Abs,Yes,No,All,1,No,0,Cheeseman et al 2024,No,New estimates from Ted's published paper
2011,2011,Yes,1,29636,0.164833311,Total,Abs,Yes,No,All,1,No,0,Cheeseman et al 2024,No,New estimates from Ted's published paper
2012,2012,Yes,1,33488,0.133032728,Total,Abs,Yes,No,All,1,No,0,Cheeseman et al 2024,No,New estimates from Ted's published paper
2013,2013,Yes,1,31701,0.195356613,Total,Abs,Yes,No,All,1,No,0,Cheeseman et al 2024,No,New estimates from Ted's published paper
2014,2014,Yes,1,31243,0.154754665,Total,Abs,Yes,No,All,1,No,0,Cheeseman et al 2024,No,New estimates from Ted's published paper
2015,2015,Yes,1,33260,0.156313891,Total,Abs,Yes,No,All,1,No,0,Cheeseman et al 2024,No,New estimates from Ted's published paper
2016,2016,Yes,1,29852,0.110210371,Total,Abs,Yes,No,All,1,No,0,Cheeseman et al 2024,No,New estimates from Ted's published paper
2017,2017,Yes,1,28429,0.222273031,Total,Abs,Yes,No,All,1,No,0,Cheeseman et al 2024,No,New estimates from Ted's published paper
2018,2018,Yes,1,26731,0.125023381,Total,Abs,Yes,No,All,1,No,0,Cheeseman et al 2024,No,New estimates from Ted's published paper
2019,2019,Yes,1,25671,0.172451404,Total,Abs,Yes,No,All,1,No,0,Cheeseman et al 2024,No,New estimates from Ted's published paper
2020,2020,Yes,1,28706,0.164181704,Total,Abs,Yes,No,All,1,No,0,Cheeseman et al 2024,No,New estimates from Ted's published paper
2021,2021,Yes,1,26662,0.157227515,Total,Abs,Yes,No,All,1,No,0,Cheeseman et al 2024,No,New estimates from Ted's published paper
1990,1993,No,2,400,0.12,Asia,Abs,Yes,No,All,9,No,1,Calambokidis et al. 1997,No,
2004,2006,No,2,1110,0.09,Asia,Abs,Yes,No,B1F1,9,S1,1,Wade et al. SC/68d/IA03,No,
2004,2006,No,2,1114,0.09,Asia,Abs,Yes,No,B1F2,9,S1,1,Wade et al. SC/68d/IA03,No,
2004,2006,No,2,1107,0.09,Asia,Abs,Yes,No,B2F1,9,S1,1,Wade et al. SC/68d/IA03,No,
2004,2006,No,2,1112,0.09,Asia,Abs,Yes,No,B2F2,9,S1,1,Wade et al. SC/68d/IA03,No,
2004,2006,No,2,1907,0.17,Asia,Abs,S1,No,All,9,No,1,Wade et al. SC/68D/IA3,No,no is chau estimator 
1980,1983,No,2,1407,0.1,Hawaii,Abs,Yes,No,All,9,No,1,Baker and Herman 1987,No,based on Maui only data
1991,1993,No,2,4629,0.13,Hawaii,Abs,Yes,No,All,9,No,1,Calambokidis and Barlow 2017 A17/NP10,No,
2004,2006,No,2,11501,0.04,Hawaii,Abs,Yes,No,B1F1,9,S1,1,Wade et al. SC/68d/IA03,No,
2004,2006,No,2,11540,0.04,Hawaii,Abs,Yes,No,B1F2,9,S1,1,Wade et al. SC/68d/IA03,No,
2004,2006,No,2,11998,0.04,Hawaii,Abs,Yes,No,B2F1,9,S1,1,Wade et al. SC/68d/IA03,No,
2004,2006,No,2,12021,0.04,Hawaii,Abs,Yes,No,B2F2,9,S1,1,Wade et al. SC/68d/IA03,No,
2004,2006,No,2,9920,0.09,Hawaii,Abs,S1,No,All,9,No,1,Wade et al. SC/68D/IA3,,
1987,1990,No,2,571,0.114703144,MX_AR,Abs,Yes,No,B2 only,9,No,1,Martinez et al 2017,No,
2003,2006,No,2,2352,0.078550832,MX_AR,Abs,Yes,No,B2 only,9,No,1,Martinez et al 2017,No,
2004,2006,No,2,788,0.09,MX_AR,Abs,No,No,B2F1-no,9,No,1,Wade et al. SC/68d/IA03,No,Maybe use 
2004,2006,No,2,781,0.09,MX_AR,Abs,No,No,B2F2-no,9,No,1,Wade et al. SC/68d/IA03,No,
1987,1990,No,2,1642,0.204507527,MX_ML,Abs,Yes,No,B2 only,9,No,1,Martinez et al 2017,No,
2003,2006,No,2,4149,0.093428714,MX_ML,Abs,Yes,No,B2 only,9,No,1,Martinez et al 2017,No,
2004,2006,No,2,891,0.14,MX_ML,Abs,No,No,B2F1-no,9,No,1,Wade et al. SC/68d/IA03,No,
2004,2006,No,2,804,0.15,MX_ML,Abs,No,No,B2F2-no,9,No,1,Wade et al. SC/68d/IA03,No,
1987,1990,No,2,1964,0.106580541,Mexico,Abs,Yes,No,B1 only,9,No,1,Martinez et al 2017,No,same as jorges
2003,2006,No,2,8168,0.054576527,Mexico,Abs,Yes,No,B1 only,9,No,1,Martinez et al 2017,No,
2004,2006,No,2,2943,0.07,Mexico,Abs,No,No,B1F1,9,No,1,Wade et al. SC/68d/IA03,No,
2004,2006,No,2,2821,0.08,Mexico,Abs,No,No,B1F2,9,No,1,Wade et al. SC/68d/IA03,No,
2004,2006,No,2,750,0.24,Central_Am,Abs,Yes,No,B1F1,9,S1,1,Wade et al. SC/68d/IA03,No,
2004,2006,No,2,857,0.27,Central_Am,Abs,Yes,No,B1F2,9,S1,1,Wade et al. SC/68d/IA03,No,
2004,2006,No,2,1269,0.2,Central_Am,Abs,Yes,No,B2F1,9,S1,1,Wade et al. SC/68d/IA03,No,used different data than Curtis
2004,2006,No,2,1356,0.2,Central_Am,Abs,Yes,No,B2F2,9,S1,1,Wade et al. SC/68d/IA03,No,used different data than Curtis
2004,2006,No,2,563,0.38,Central_Am,Abs,S1,No,All,9,No,1,Wade et al. SC/68D/IA3,,
2019,2021,No,2,1496,0.171,Central_Am,Abs,Yes,No,All,9,No,1,Curtis et al. 2022,No,
2004,2006,No,2,1382,0.23,RUS+WAL,Abs,Yes,No,B1F1,9,No,1,Wade et al. SC/68d/IA03,No,
2004,2006,No,2,1399,0.23,RUS+WAL,Abs,Yes,No,B1F2,9,No,1,Wade et al. SC/68d/IA03,No,
2004,2006,No,2,1392,0.23,RUS+WAL,Abs,Yes,No,B2F1,9,No,1,Wade et al. SC/68d/IA03,No,
2004,2006,No,2,1408,0.23,RUS+WAL,Abs,Yes,No,B2F2,9,No,1,Wade et al. SC/68d/IA03,No,
2004,2006,No,2,7947,0.21,EAL+BER,Abs,Yes,No,B1F1,9,No,1,Wade et al. SC/68d/IA03,No,
2004,2006,No,2,5983,0.15,EAL+BER+WGOA,Abs,Yes,No,B1F2,9,No,1,Wade et al. SC/68d/IA03,No,
2004,2006,No,2,6529,0.22,EAL+BER,Abs,Yes,No,B2F1,9,No,1,Wade et al. SC/68d/IA03,No,
2004,2006,No,2,5241,0.13,EAL+BER+WGOA,Abs,Yes,No,B2F2,9,No,1,Wade et al. SC/68d/IA03,No,
1987,1987,No,2,830,0.31,GOA,Abs,Yes,No,F1 only,9,No,0,zerbini et al 2006,No,
2001,2001,No,2,2191,0.34,GOA,Abs,Yes,No,F1 only,9,No,0,zerbini et al 2006,No,
2002,2002,No,2,2137,0.24,GOA,Abs,Yes,No,F1 only,9,No,0,zerbini et al 2006,No,
2003,2003,No,2,2425,0.14,GOA,Abs,Yes,No,F1 only,9,No,0,zerbini et al 2006,No,
2004,2006,No,2,2140,0.08,GOA,Abs,Yes,No,B1F1,9,No,0,Wade et al. SC/68d/IA03,No,
2004,2006,No,2,2055,0.08,GOA,Abs,Yes,No,B2F1,9,No,0,Wade et al. SC/68d/IA03,No,
1987,1987,No,2,616,0.367955058,NGOA,Abs,Yes,No,F2 only,9,No,0,zerbini et al 2006 paul,No,"Missing very eastern portion of NGOA, and PWS, but maybe is close enough to be absolute"
2001,2001,No,2,1701,0.41211433,NGOA,Abs,Yes,No,F2 only,9,No,0,zerbini et al 2006 paul,No,
2002,2002,No,2,1544,0.265186145,NGOA,Abs,Yes,No,F2 only,9,No,0,zerbini et al 2006 paul,No,
2003,2003,No,2,1931,0.119564544,NGOA,Abs,Yes,No,F2 only,9,No,0,zerbini et al 2006 paul,No,
2004,2006,No,2,1747,0.1,NGOA,Abs,Yes,No,B1F2,9,No,1,Wade et al. SC/68d/IA03,No,
2004,2006,No,2,1650,0.1,NGOA,Abs,Yes,No,B2F2,9,No,1,Wade et al. SC/68d/IA03,No,
2004,2006,No,2,5925,0.07,SEA+NBC,Abs,Yes,No,B1F1,9,No,1,Wade et al. SC/68d/IA03,No,
2004,2006,No,2,5828,0.07,SEA+NBC,Abs,Yes,No,B1F2,9,No,1,Wade et al. SC/68d/IA03,No,
2004,2006,No,2,6187,0.07,SEA+NBC,Abs,Yes,No,B2F1,9,No,1,Wade et al. SC/68d/IA03,No,
2004,2006,No,2,6038,0.07,SEA+NBC,Abs,Yes,No,B2F2,9,No,1,Wade et al. SC/68d/IA03,No,
2004,2006,No,2,364,0.25,SBC+WA,Abs,No,No,B1F1,9,No,1,Wade et al. SC/68d/IA03,No,Already in Calambokidis (not used)
2004,2006,No,2,366,0.27,SBC+WA,Abs,No,No,B1F2,9,No,1,Wade et al. SC/68d/IA03,No,Already in Calambokidis (not used)
2004,2006,No,2,328,0.25,SBC+WA,Abs,No,No,B2F1,9,No,1,Wade et al. SC/68d/IA03,No,Already in Calambokidis (not used)
2004,2006,No,2,355,0.31,SBC+WA,Abs,No,No,B2F2,9,No,1,Wade et al. SC/68d/IA03,No,Already in Calambokidis (not used)
1997,1997,No,2,131,0.184045802,SBC+WA,Abs,Yes,1,All,9,No,1,Calambokidis and Barlow 2020,No,
1998,1998,No,2,181,0.165966851,SBC+WA,Abs,Yes,1,All,9,No,1,Calambokidis and Barlow 2020,No,
1999,1999,No,2,243,0.1718107,SBC+WA,Abs,Yes,1,All,9,No,1,Calambokidis and Barlow 2020,No,
2000,2000,No,2,255,0.168627451,SBC+WA,Abs,Yes,1,All,9,No,1,Calambokidis and Barlow 2020,No,
2001,2001,No,2,305,0.166590164,SBC+WA,Abs,Yes,1,All,9,No,1,Calambokidis and Barlow 2020,No,
2002,2002,No,2,362,0.179668508,SBC+WA,Abs,Yes,1,All,9,No,1,Calambokidis and Barlow 2020,No,
2003,2003,No,2,439,0.2238041,SBC+WA,Abs,Yes,1,All,9,No,1,Calambokidis and Barlow 2020,No,
2004,2004,No,2,608,0.187878289,SBC+WA,Abs,Yes,1,All,9,No,1,Calambokidis and Barlow 2020,No,
2005,2005,No,2,810,0.138469136,SBC+WA,Abs,Yes,1,All,9,No,1,Calambokidis and Barlow 2020,No,
2006,2006,No,2,671,0.112503726,SBC+WA,Abs,Yes,1,All,9,No,1,Calambokidis and Barlow 2020,No,
2007,2007,No,2,1040,0.101269231,SBC+WA,Abs,Yes,1,All,9,No,1,Calambokidis and Barlow 2020,No,
2008,2008,No,2,1239,0.101977401,SBC+WA,Abs,Yes,1,All,9,No,1,Calambokidis and Barlow 2020,No,
2009,2009,No,2,1245,0.103518072,SBC+WA,Abs,Yes,1,All,9,No,1,Calambokidis and Barlow 2020,No,
2010,2010,No,2,1186,0.097681282,SBC+WA,Abs,Yes,1,All,9,No,1,Calambokidis and Barlow 2020,No,
2011,2011,No,2,1279,0.114652072,SBC+WA,Abs,Yes,1,All,9,No,1,Calambokidis and Barlow 2020,No,
2012,2012,No,2,1560,0.111717949,SBC+WA,Abs,Yes,1,All,9,No,1,Calambokidis and Barlow 2020,No,
2013,2013,No,2,1887,0.124843667,SBC+WA,Abs,Yes,1,All,9,No,1,Calambokidis and Barlow 2020,No,
2014,2014,No,2,1556,0.125475578,SBC+WA,Abs,Yes,1,All,9,No,1,Calambokidis and Barlow 2020,No,
2015,2015,No,2,1586,0.123032787,SBC+WA,Abs,Yes,1,All,9,No,1,Calambokidis and Barlow 2020,No,
2016,2016,No,2,1416,0.110225989,SBC+WA,Abs,Yes,1,All,9,No,1,Calambokidis and Barlow 2020,No,
2017,2017,No,2,1369,0.080277575,SBC+WA,Abs,Yes,1,All,9,No,1,Calambokidis and Barlow 2020,No,
2018,2018,No,2,1671,0.059269898,SBC+WA,Abs,Yes,1,All,9,No,1,Calambokidis and Barlow 2020,No,
2019,2019,No,2,1797,0.04588759,SBC+WA,Abs,Yes,1,All,9,No,1,Calambokidis unpub,No,
2020,2020,No,2,1924,0.043778586,SBC+WA,Abs,Yes,1,All,9,No,1,Calambokidis unpub,No,
2021,2021,No,2,2162,0.043348751,SBC+WA,Abs,Yes,1,All,9,No,1,Calambokidis unpub,No,
2022,2022,No,2,2328,0.041189863,SBC+WA,Abs,Yes,1,All,9,No,1,Calambokidis unpub,No,
2023,2023,No,2,2323,0.041876883,SBC+WA,Abs,Yes,1,All,9,No,1,Calambokidis unpub,No,
1989,1989,No,2,506,0.080237154,OR+CA,Abs,Yes,2,All,9,No,1,Calambokidis and Barlow 2020,No,
1990,1990,No,2,517,0.070793037,OR+CA,Abs,Yes,2,All,9,No,1,Calambokidis and Barlow 2020,No,
1991,1991,No,2,636,0.066666667,OR+CA,Abs,Yes,2,All,9,No,1,Calambokidis and Barlow 2020,No,
1992,1992,No,2,766,0.059399478,OR+CA,Abs,Yes,2,All,9,No,1,Calambokidis and Barlow 2020,No,
1993,1993,No,2,800,0.04925,OR+CA,Abs,Yes,2,All,9,No,1,Calambokidis and Barlow 2020,No,
1994,1994,No,2,830,0.045421687,OR+CA,Abs,Yes,2,All,9,No,1,Calambokidis and Barlow 2020,No,
1995,1995,No,2,834,0.043764988,OR+CA,Abs,Yes,2,All,9,No,1,Calambokidis and Barlow 2020,No,
1996,1996,No,2,922,0.051843818,OR+CA,Abs,Yes,2,All,9,No,1,Calambokidis and Barlow 2020,No,
1997,1997,No,2,974,0.054312115,OR+CA,Abs,Yes,2,All,9,No,1,Calambokidis and Barlow 2020,No,
1998,1998,No,2,1068,0.050280899,OR+CA,Abs,Yes,2,All,9,No,1,Calambokidis and Barlow 2020,No,
1999,1999,No,2,1263,0.05391924,OR+CA,Abs,Yes,2,All,9,No,1,Calambokidis and Barlow 2020,No,
2000,2000,No,2,1166,0.056089194,OR+CA,Abs,Yes,2,All,9,No,1,Calambokidis and Barlow 2020,No,
2001,2001,No,2,1220,0.057786885,OR+CA,Abs,Yes,2,All,9,No,1,Calambokidis and Barlow 2020,No,
2002,2002,No,2,1277,0.064604542,OR+CA,Abs,Yes,2,All,9,No,1,Calambokidis and Barlow 2020,No,
2003,2003,No,2,1566,0.067879949,OR+CA,Abs,Yes,2,All,9,No,1,Calambokidis and Barlow 2020,No,
2004,2004,No,2,1617,0.063450835,OR+CA,Abs,Yes,2,All,9,No,1,Calambokidis and Barlow 2020,No,
2005,2005,No,2,1897,0.063837638,OR+CA,Abs,Yes,2,All,9,No,1,Calambokidis and Barlow 2020,No,
2006,2006,No,2,2005,0.066733167,OR+CA,Abs,Yes,2,All,9,No,1,Calambokidis and Barlow 2020,No,
2007,2007,No,2,1847,0.074011911,OR+CA,Abs,Yes,2,All,9,No,1,Calambokidis and Barlow 2020,No,
2008,2008,No,2,2161,0.073253124,OR+CA,Abs,Yes,2,All,9,No,1,Calambokidis and Barlow 2020,No,
2009,2009,No,2,2154,0.069545032,OR+CA,Abs,Yes,2,All,9,No,1,Calambokidis and Barlow 2020,No,
2010,2010,No,2,2335,0.06235546,OR+CA,Abs,Yes,2,All,9,No,1,Calambokidis and Barlow 2020,No,
2011,2011,No,2,2491,0.057647531,OR+CA,Abs,Yes,2,All,9,No,1,Calambokidis and Barlow 2020,No,
2012,2012,No,2,2313,0.052399481,OR+CA,Abs,Yes,2,All,9,No,1,Calambokidis and Barlow 2020,No,
2013,2013,No,2,2358,0.049575912,OR+CA,Abs,Yes,2,All,9,No,1,Calambokidis and Barlow 2020,No,
2014,2014,No,2,2243,0.045786893,OR+CA,Abs,Yes,2,All,9,No,1,Calambokidis and Barlow 2020,No,
2015,2015,No,2,2687,0.044957201,OR+CA,Abs,Yes,2,All,9,No,1,Calambokidis and Barlow 2020,No,
2016,2016,No,2,4213,0.044410159,OR+CA,Abs,Yes,2,All,9,No,1,Calambokidis and Barlow 2020,No,
2017,2017,No,2,4649,0.038459884,OR+CA,Abs,Yes,2,All,9,No,1,Calambokidis and Barlow 2020,No,
2018,2018,No,2,5367,0.032737097,OR+CA,Abs,Yes,2,All,9,No,1,Calambokidis and Barlow 2020,No,
2019,2019,No,2,5456,0.030150293,OR+CA,Abs,Yes,2,All,9,No,1,Calambokidis unpub,No,
2020,2020,No,2,5204,0.030572636,OR+CA,Abs,Yes,2,All,9,No,1,Calambokidis unpub,No,
2021,2021,No,2,5568,0.031788793,OR+CA,Abs,Yes,2,All,9,No,1,Calambokidis unpub,No,
2022,2022,No,2,5420,0.031383764,OR+CA,Abs,Yes,2,All,9,No,1,Calambokidis unpub,No,
2023,2023,No,2,5650,0.02840708,OR+CA,Abs,Yes,2,All,9,No,1,Calambokidis unpub,No,
1996,1996,No,2,1181,0.319,OR+CA,Abs,No,No,All,9,No,0,Becker et al. 2020,No,west coast - CA-OR-WA (no SBC). includes same g0 All year
2001,2001,No,2,1364,0.294,OR+CA,Abs,No,No,All,9,No,0,Becker et al. 2020,No,west coast - CA-OR-WA (no SBC). includes same g0 All year
2005,2005,No,2,1575,0.305,OR+CA,Abs,No,No,All,9,No,0,Becker et al. 2020,No,west coast - CA-OR-WA (no SBC). includes same g0 All year
2008,2008,No,2,1727,0.333,OR+CA,Abs,No,No,All,9,No,0,Becker et al. 2020,No,west coast - CA-OR-WA (no SBC). includes same g0 All year
2014,2014,No,2,2178,0.392,OR+CA,Abs,No,No,All,9,No,0,Becker et al. 2020,No,west coast - CA-OR-WA (no SBC). includes same g0 All year
2018,2018,No,2,4784,0.307,OR+CA,Abs,No,No,All,9,No,0,Becker et al. 2020,No,west coast - CA-OR-WA (no SBC). includes same g0 All year
2002,2002,No,2,10631,0.249271,Hawaii,Rel,Yes,No,All,2,No,1,Cheeseman et al 2024,No,New estimates from Ted's published paper
2003,2003,No,2,10309,0.096614609,Hawaii,Rel,Yes,No,All,2,No,1,Cheeseman et al 2024,No,New estimates from Ted's published paper
2004,2004,No,2,9853,0.054196691,Hawaii,Rel,Yes,No,All,2,No,1,Cheeseman et al 2024,No,New estimates from Ted's published paper
2005,2005,No,2,10625,0.0656,Hawaii,Rel,Yes,No,All,2,No,1,Cheeseman et al 2024,No,New estimates from Ted's published paper
2006,2006,No,2,11927,0.059193427,Hawaii,Rel,Yes,No,All,2,No,1,Cheeseman et al 2024,No,New estimates from Ted's published paper
2007,2007,No,2,14314,0.078734106,Hawaii,Rel,Yes,No,All,2,No,1,Cheeseman et al 2024,No,New estimates from Ted's published paper
2008,2008,No,2,14312,0.103339855,Hawaii,Rel,Yes,No,All,2,No,1,Cheeseman et al 2024,No,New estimates from Ted's published paper
2009,2009,No,2,16275,0.082211982,Hawaii,Rel,Yes,No,All,2,No,1,Cheeseman et al 2024,No,New estimates from Ted's published paper
2010,2010,No,2,13309,0.127958524,Hawaii,Rel,Yes,No,All,2,No,1,Cheeseman et al 2024,No,New estimates from Ted's published paper
2011,2011,No,2,14888,0.153882321,Hawaii,Rel,Yes,No,All,2,No,1,Cheeseman et al 2024,No,New estimates from Ted's published paper
2012,2012,No,2,18275,0.140738714,Hawaii,Rel,Yes,No,All,2,No,1,Cheeseman et al 2024,No,New estimates from Ted's published paper
2013,2013,No,2,18728,0.102199915,Hawaii,Rel,Yes,No,All,2,No,1,Cheeseman et al 2024,No,New estimates from Ted's published paper
2014,2014,No,2,16597,0.112791468,Hawaii,Rel,Yes,No,All,2,No,1,Cheeseman et al 2024,No,New estimates from Ted's published paper
2015,2015,No,2,14395,0.083570684,Hawaii,Rel,Yes,No,All,2,No,1,Cheeseman et al 2024,No,New estimates from Ted's published paper
2016,2016,No,2,13327,0.073985143,Hawaii,Rel,Yes,No,All,2,No,1,Cheeseman et al 2024,No,New estimates from Ted's published paper
2017,2017,No,2,12647,0.084605045,Hawaii,Rel,Yes,No,All,2,No,1,Cheeseman et al 2024,No,New estimates from Ted's published paper
2018,2018,No,2,12167,0.059998356,Hawaii,Rel,Yes,No,All,2,No,1,Cheeseman et al 2024,No,New estimates from Ted's published paper
2019,2019,No,2,12094,0.04861915,Hawaii,Rel,Yes,No,All,2,No,1,Cheeseman et al 2024,No,New estimates from Ted's published paper
2020,2020,No,2,12999,0.043541811,Hawaii,Rel,Yes,No,All,2,No,1,Cheeseman et al 2024,No,New estimates from Ted's published paper
2021,2021,No,2,12294,0.040019522,Hawaii,Rel,Yes,No,All,2,No,1,Cheeseman et al 2024,No,New estimates from Ted's published paper
2002,2002,No,2,2990,0.122742475,MX_ML,Rel,Yes,No,All,3,No,1,Cheeseman et al 2024,No,New estimates from Ted's published paper
2003,2003,No,2,3003,0.099234099,MX_ML,Rel,Yes,No,All,3,No,1,Cheeseman et al 2024,No,New estimates from Ted's published paper
2004,2004,No,2,3457,0.091408736,MX_ML,Rel,Yes,No,All,3,No,1,Cheeseman et al 2024,No,New estimates from Ted's published paper
2005,2005,No,2,4154,0.120847376,MX_ML,Rel,Yes,No,All,3,No,1,Cheeseman et al 2024,No,New estimates from Ted's published paper
2006,2006,No,2,3515,0.138549075,MX_ML,Rel,Yes,No,All,3,No,1,Cheeseman et al 2024,No,New estimates from Ted's published paper
2007,2007,No,2,3971,0.108285067,MX_ML,Rel,Yes,No,All,3,No,1,Cheeseman et al 2024,No,New estimates from Ted's published paper
2008,2008,No,2,4088,0.112279843,MX_ML,Rel,Yes,No,All,3,No,1,Cheeseman et al 2024,No,New estimates from Ted's published paper
2009,2009,No,2,4627,0.088826453,MX_ML,Rel,Yes,No,All,3,No,1,Cheeseman et al 2024,No,New estimates from Ted's published paper
2010,2010,No,2,4798,0.111713214,MX_ML,Rel,Yes,No,All,3,No,1,Cheeseman et al 2024,No,New estimates from Ted's published paper
2011,2011,No,2,5440,0.092279412,MX_ML,Rel,Yes,No,All,3,No,1,Cheeseman et al 2024,No,New estimates from Ted's published paper
2012,2012,No,2,5596,0.080950679,MX_ML,Rel,Yes,No,All,3,No,1,Cheeseman et al 2024,No,New estimates from Ted's published paper
2013,2013,No,2,5534,0.086375136,MX_ML,Rel,Yes,No,All,3,No,1,Cheeseman et al 2024,No,New estimates from Ted's published paper
2014,2014,No,2,6682,0.091589345,MX_ML,Rel,Yes,No,All,3,No,1,Cheeseman et al 2024,No,New estimates from Ted's published paper
2015,2015,No,2,7313,0.068371393,MX_ML,Rel,Yes,No,All,3,No,1,Cheeseman et al 2024,No,New estimates from Ted's published paper
2016,2016,No,2,7296,0.066337719,MX_ML,Rel,Yes,No,All,3,No,1,Cheeseman et al 2024,No,New estimates from Ted's published paper
2017,2017,No,2,6885,0.058678286,MX_ML,Rel,Yes,No,All,3,No,1,Cheeseman et al 2024,No,New estimates from Ted's published paper
2018,2018,No,2,6885,0.048946986,MX_ML,Rel,Yes,No,All,3,No,1,Cheeseman et al 2024,No,New estimates from Ted's published paper
2019,2019,No,2,6879,0.064544265,MX_ML,Rel,Yes,No,All,3,No,1,Cheeseman et al 2024,No,New estimates from Ted's published paper
2020,2020,No,2,7042,0.067026413,MX_ML,Rel,Yes,No,All,3,No,1,Cheeseman et al 2024,No,New estimates from Ted's published paper
2021,2021,No,2,8281,0.049993962,MX_ML,Rel,Yes,No,All,3,No,1,Cheeseman et al 2024,No,New estimates from Ted's published paper
1993,1993,No,2,2754,0.13449658,Hawaii,Rel,Yes,No,All,5,No,0,Mobley et al. 2001,No,PRW-Use for relative abun as they are low?
1995,1995,No,2,3776,0.116993426,Hawaii,Rel,Yes,No,All,5,No,0,Mobley et al. 2001,No,PRW-Use for relative abun as they are low?
1998,1998,No,2,4358,0.131202905,Hawaii,Rel,Yes,No,All,5,No,0,Mobley et al. 2001,No,PRW-Use for relative abun as they are low?
2000,2000,No,2,4491,0.157631078,Hawaii,Rel,Yes,No,All,5,No,0,Mobley et al. 2001,No,PRW-Use for relative abun as they are low?
1987,1987,No,2,214,0.539778019,EAL+BER+WGOA,Rel,Yes,No,F2 only,8,No,0,zerbini et al 2006 paul,No,relative because BER is missing from survey estimate
2001,2001,No,2,490,0.42153719,EAL+BER+WGOA,Rel,Yes,No,F2 only,8,No,0,zerbini et al 2006 paul,No,relative because BER is missing from survey estimate
2002,2002,No,2,593,0.464823119,EAL+BER+WGOA,Rel,Yes,No,F2 only,8,No,0,zerbini et al 2006 paul,No,relative because BER is missing from survey estimate
2003,2003,No,2,494,0.421211327,EAL+BER+WGOA,Rel,Yes,No,F2 only,8,No,0,zerbini et al 2006 paul,No,relative because BER is missing from survey estimate
1985,1985,No,2,50.1395381,0.216342342,SEA+NBC,Rel,Yes,Maybe,All,4,No,0,Gabriel et al. 2022,No,
1986,1986,No,2,58.21680638,0.343683532,SEA+NBC,Rel,Yes,Maybe,All,4,No,0,Gabriel et al. 2022,No,
1987,1987,No,2,74.95389323,0.115894812,SEA+NBC,Rel,Yes,Maybe,All,4,No,0,Gabriel et al. 2022,No,
1988,1988,No,2,63.72382621,0.214499616,SEA+NBC,Rel,Yes,Maybe,All,4,No,0,Gabriel et al. 2022,No,
1989,1989,No,2,46.20481676,0.041919649,SEA+NBC,Rel,Yes,Maybe,All,4,No,0,Gabriel et al. 2022,No,
1990,1990,No,2,55.83831565,0.230495913,SEA+NBC,Rel,Yes,Maybe,All,4,No,0,Gabriel et al. 2022,No,
1991,1991,No,2,61.65696924,0.031822629,SEA+NBC,Rel,Yes,Maybe,All,4,No,0,Gabriel et al. 2022,No,
1992,1992,No,2,73.03650926,0.273073776,SEA+NBC,Rel,Yes,Maybe,All,4,No,0,Gabriel et al. 2022,No,
1993,1993,No,2,53.44424654,0.144478097,SEA+NBC,Rel,Yes,Maybe,All,4,No,0,Gabriel et al. 2022,No,
1994,1994,No,2,69.82775328,0.112920712,SEA+NBC,Rel,Yes,Maybe,All,4,No,0,Gabriel et al. 2022,No,
1995,1995,No,2,69.71931572,0.071941331,SEA+NBC,Rel,Yes,Maybe,All,4,No,0,Gabriel et al. 2022,No,
1996,1996,No,2,95.4770008,0.2036956,SEA+NBC,Rel,Yes,Maybe,All,4,No,0,Gabriel et al. 2022,No,
1997,1997,No,2,95.29151779,0.032287883,SEA+NBC,Rel,Yes,Maybe,All,4,No,0,Gabriel et al. 2022,No,
1998,1998,No,2,109.7413198,0.076186557,SEA+NBC,Rel,Yes,Maybe,All,4,No,0,Gabriel et al. 2022,No,
1999,1999,No,2,131.3888737,0.1211946,SEA+NBC,Rel,Yes,Maybe,All,4,No,0,Gabriel et al. 2022,No,
2000,2000,No,2,106.409582,0.123516925,SEA+NBC,Rel,Yes,Maybe,All,4,No,0,Gabriel et al. 2022,No,
2001,2001,No,2,122.8894887,0.040335335,SEA+NBC,Rel,Yes,Maybe,All,4,No,0,Gabriel et al. 2022,No,
2002,2002,No,2,103.3483273,0.207279954,SEA+NBC,Rel,Yes,Maybe,All,4,No,0,Gabriel et al. 2022,No,
2003,2003,No,2,141.9787727,0.16399707,SEA+NBC,Rel,Yes,Maybe,All,4,No,0,Gabriel et al. 2022,No,
2004,2004,No,2,165.2828784,0.124543797,SEA+NBC,Rel,Yes,Maybe,All,4,No,0,Gabriel et al. 2022,No,
2005,2005,No,2,174.6409432,0.038650057,SEA+NBC,Rel,Yes,Maybe,All,4,No,0,Gabriel et al. 2022,No,
2006,2006,No,2,170.370714,0.107157242,SEA+NBC,Rel,Yes,Maybe,All,4,No,0,Gabriel et al. 2022,No,
2007,2007,No,2,198.0921909,0.059706973,SEA+NBC,Rel,Yes,Maybe,All,4,No,0,Gabriel et al. 2022,No,
2008,2008,No,2,183.5165625,0.047215196,SEA+NBC,Rel,Yes,Maybe,All,4,No,0,Gabriel et al. 2022,No,
2009,2009,No,2,220.3938768,0.022612473,SEA+NBC,Rel,Yes,Maybe,All,4,No,0,Gabriel et al. 2022,No,
2010,2010,No,2,225.3602833,0.04255564,SEA+NBC,Rel,Yes,Maybe,All,4,No,0,Gabriel et al. 2022,No,
2011,2011,No,2,271.3377718,0.061803335,SEA+NBC,Rel,Yes,Maybe,All,4,No,0,Gabriel et al. 2022,No,
2012,2012,No,2,246.1120703,0.016497114,SEA+NBC,Rel,Yes,Maybe,All,4,No,0,Gabriel et al. 2022,No,
2013,2013,No,2,305.3069753,0.097437163,SEA+NBC,Rel,Yes,Maybe,All,4,No,0,Gabriel et al. 2022,No,
2014,2014,No,2,230.3367048,0.112119218,SEA+NBC,Rel,Yes,Maybe,All,4,No,0,Gabriel et al. 2022,No,
2015,2015,No,2,190.1923647,0.02974455,SEA+NBC,Rel,Yes,Maybe,All,4,No,0,Gabriel et al. 2022,No,
2016,2016,No,2,188.4779579,0.030942688,SEA+NBC,Rel,Yes,Maybe,All,4,No,0,Gabriel et al. 2022,No,
2017,2017,No,2,152.6610135,0.041798549,SEA+NBC,Rel,Yes,Maybe,All,4,No,0,Gabriel et al. 2022,No,
2018,2018,No,2,128.6943626,0.232341368,SEA+NBC,Rel,Yes,Maybe,All,4,No,0,Gabriel et al. 2022,No,
2019,2019,No,2,163.9377016,0.041108596,SEA+NBC,Rel,Yes,Maybe,All,4,No,0,Gabriel et al. 2022,No,
2020,2020,No,2,169.1446786,0.016337923,SEA+NBC,Rel,Yes,Maybe,All,4,No,0,Gabriel et al. 2022,No,
2011,2012,No,2,6247,0.4,GOA,Abs,Yes,No,F1 only,9,No,0,Matsuoka et al. 2023,No,
2011,2012,No,2,4506,0.62,NGOA,Abs,Yes,No,F2 only,9,No,0,Matsuoka et al. 2023,No,
2017,2018,No,2,10949,0.38,EAL+BER,Abs,Yes,No,F1 only,9,No,0,Matsuoka et al. 2023,No,EAI estimate is from 2011 but is only 9% of estimate
2017,2018,No,2,12424,0.34,EAL+BER+WGOA,Abs,Yes,No,F2 only,9,No,0,Matsuoka et al. 2023,No,EAI and WGOA estimates are from 2011 but are only 20% of estimate
2002,2002,No,2,231,0.63,EAL+BER,Rel,Yes,No,F1 only,6,No,0,Friday et al. 2012,Survey on Bering sea shelf only,
2008,2008,No,2,436,0.45,EAL+BER,Rel,Yes,No,F1 only,6,No,0,Friday et al. 2012,Survey on Bering sea shelf only,
2010,2010,No,2,675,0.8,EAL+BER,Rel,Yes,No,F1 only,6,No,0,Friday et al. 2012,Survey on Bering sea shelf only,
2002,2002,No,2,231,0.63,EAL+BER+WGOA,Rel,Yes,No,F2 only,6,No,0,Friday et al. 2012,Survey on Bering sea shelf only,
2008,2008,No,2,436,0.45,EAL+BER+WGOA,Rel,Yes,No,F2 only,6,No,0,Friday et al. 2012,Survey on Bering sea shelf only,
2010,2010,No,2,675,0.8,EAL+BER+WGOA,Rel,Yes,No,F2 only,6,No,0,Friday et al. 2012,Survey on Bering sea shelf only,
2007,2007,No,2,135,0.081,GOA,Rel,Yes,3,F1 only,7,No,1,Moran et al. 2023,,
2008,2008,No,2,200,0.065,GOA,Rel,Yes,3,F1 only,7,No,1,Moran et al. 2023,,
2011,2011,No,2,170,0.088,GOA,Rel,Yes,3,F1 only,7,No,1,Moran et al. 2023,,
2012,2012,No,2,230,0.074,GOA,Rel,Yes,3,F1 only,7,No,1,Moran et al. 2023,,
2013,2013,No,2,178,0.084,GOA,Rel,Yes,3,F1 only,7,No,1,Moran et al. 2023,,
2014,2014,No,2,264,0.083,GOA,Rel,Yes,3,F1 only,7,No,1,Moran et al. 2023,,
2015,2015,No,2,160,0.256,GOA,Rel,Yes,3,F1 only,7,No,1,Moran et al. 2023,,
2017,2017,No,2,104,0.202,GOA,Rel,Yes,3,F1 only,7,No,1,Moran et al. 2023,,
2018,2018,No,2,103,0.282,GOA,Rel,Yes,3,F1 only,7,No,1,Moran et al. 2023,,
2019,2019,No,2,108,0.259,GOA,Rel,Yes,3,F1 only,7,No,1,Moran et al. 2023,,
2007,2007,No,2,135,0.081,NGOA,Rel,Yes,3,F2 only,7,No,1,Moran et al. 2023,,
2008,2008,No,2,200,0.065,NGOA,Rel,Yes,3,F2 only,7,No,1,Moran et al. 2023,,
2011,2011,No,2,170,0.088,NGOA,Rel,Yes,3,F2 only,7,No,1,Moran et al. 2023,,
2012,2012,No,2,230,0.074,NGOA,Rel,Yes,3,F2 only,7,No,1,Moran et al. 2023,,
2013,2013,No,2,178,0.084,NGOA,Rel,Yes,3,F2 only,7,No,1,Moran et al. 2023,,
2014,2014,No,2,264,0.083,NGOA,Rel,Yes,3,F2 only,7,No,1,Moran et al. 2023,,
2015,2015,No,2,160,0.256,NGOA,Rel,Yes,3,F2 only,7,No,1,Moran et al. 2023,,
2017,2017,No,2,104,0.202,NGOA,Rel,Yes,3,F2 only,7,No,1,Moran et al. 2023,,
2018,2018,No,2,103,0.282,NGOA,Rel,Yes,3,F2 only,7,No,1,Moran et al. 2023,,
2019,2019,No,2,108,0.259,NGOA,Rel,Yes,3,F2 only,7,No,1,Moran et al. 2023,,
